http://www.aifb.uni-karlsruhe.de/Personen/viewPersonOWL/id1895instance	http://www.aifb.uni-karlsruhe.de/Forschungsgruppen/viewForschungsgruppeOWL/id1instance
http://www.aifb.uni-karlsruhe.de/Personen/viewPersonOWL/id2069instance	http://www.aifb.uni-karlsruhe.de/Forschungsgruppen/viewForschungsgruppeOWL/id1instance
http://www.aifb.uni-karlsruhe.de/Personen/viewPersonOWL/id71instance	http://www.aifb.uni-karlsruhe.de/Forschungsgruppen/viewForschungsgruppeOWL/id4instance
http://www.aifb.uni-karlsruhe.de/Personen/viewPersonOWL/id2064instance	http://www.aifb.uni-karlsruhe.de/Forschungsgruppen/viewForschungsgruppeOWL/id1instance
http://www.aifb.uni-karlsruhe.de/Personen/viewPersonOWL/id1852instance	http://www.aifb.uni-karlsruhe.de/Forschungsgruppen/viewForschungsgruppeOWL/id1instance
http://www.aifb.uni-karlsruhe.de/Personen/viewPersonOWL/id2131instance	http://www.aifb.uni-karlsruhe.de/Forschungsgruppen/viewForschungsgruppeOWL/id3instance
http://www.aifb.uni-karlsruhe.de/Personen/viewPersonOWL/id38instance	http://www.aifb.uni-karlsruhe.de/Forschungsgruppen/viewForschungsgruppeOWL/id1instance
http://www.aifb.uni-karlsruhe.de/Personen/viewPersonOWL/id2039instance	http://www.aifb.uni-karlsruhe.de/Forschungsgruppen/viewForschungsgruppeOWL/id1instance
http://www.aifb.uni-karlsruhe.de/Personen/viewPersonOWL/id29instance	http://www.aifb.uni-karlsruhe.de/Forschungsgruppen/viewForschungsgruppeOWL/id2instance
http://www.aifb.uni-karlsruhe.de/Personen/viewPersonOWL/id11instance	http://www.aifb.uni-karlsruhe.de/Forschungsgruppen/viewForschungsgruppeOWL/id3instance
http://www.aifb.uni-karlsruhe.de/Personen/viewPersonOWL/id57instance	http://www.aifb.uni-karlsruhe.de/Forschungsgruppen/viewForschungsgruppeOWL/id3instance
http://www.aifb.uni-karlsruhe.de/Personen/viewPersonOWL/id2053instance	http://www.aifb.uni-karlsruhe.de/Forschungsgruppen/viewForschungsgruppeOWL/id3instance
http://www.aifb.uni-karlsruhe.de/Personen/viewPersonOWL/id1859instance	http://www.aifb.uni-karlsruhe.de/Forschungsgruppen/viewForschungsgruppeOWL/id1instance
http://www.aifb.uni-karlsruhe.de/Personen/viewPersonOWL/id2045instance	http://www.aifb.uni-karlsruhe.de/Forschungsgruppen/viewForschungsgruppeOWL/id2instance
http://www.aifb.uni-karlsruhe.de/Personen/viewPersonOWL/id2instance	http://www.aifb.uni-karlsruhe.de/Forschungsgruppen/viewForschungsgruppeOWL/id4instance
http://www.aifb.uni-karlsruhe.de/Personen/viewPersonOWL/id2139instance	http://www.aifb.uni-karlsruhe.de/Forschungsgruppen/viewForschungsgruppeOWL/id3instance
http://www.aifb.uni-karlsruhe.de/Personen/viewPersonOWL/id2130instance	http://www.aifb.uni-karlsruhe.de/Forschungsgruppen/viewForschungsgruppeOWL/id1instance
http://www.aifb.uni-karlsruhe.de/Personen/viewPersonOWL/id67instance	http://www.aifb.uni-karlsruhe.de/Forschungsgruppen/viewForschungsgruppeOWL/id3instance
http://www.aifb.uni-karlsruhe.de/Personen/viewPersonOWL/id2055instance	http://www.aifb.uni-karlsruhe.de/Forschungsgruppen/viewForschungsgruppeOWL/id3instance
http://www.aifb.uni-karlsruhe.de/Personen/viewPersonOWL/id2145instance	http://www.aifb.uni-karlsruhe.de/Forschungsgruppen/viewForschungsgruppeOWL/id3instance
http://www.aifb.uni-karlsruhe.de/Personen/viewPersonOWL/id60instance	http://www.aifb.uni-karlsruhe.de/Forschungsgruppen/viewForschungsgruppeOWL/id3instance
http://www.aifb.uni-karlsruhe.de/Personen/viewPersonOWL/id1920instance	http://www.aifb.uni-karlsruhe.de/Forschungsgruppen/viewForschungsgruppeOWL/id1instance
http://www.aifb.uni-karlsruhe.de/Personen/viewPersonOWL/id76instance	http://www.aifb.uni-karlsruhe.de/Forschungsgruppen/viewForschungsgruppeOWL/id3instance
http://www.aifb.uni-karlsruhe.de/Personen/viewPersonOWL/id1842instance	http://www.aifb.uni-karlsruhe.de/Forschungsgruppen/viewForschungsgruppeOWL/id1instance
http://www.aifb.uni-karlsruhe.de/Personen/viewPersonOWL/id2062instance	http://www.aifb.uni-karlsruhe.de/Forschungsgruppen/viewForschungsgruppeOWL/id1instance
http://www.aifb.uni-karlsruhe.de/Personen/viewPersonOWL/id78instance	http://www.aifb.uni-karlsruhe.de/Forschungsgruppen/viewForschungsgruppeOWL/id4instance
http://www.aifb.uni-karlsruhe.de/Personen/viewPersonOWL/id33instance	http://www.aifb.uni-karlsruhe.de/Forschungsgruppen/viewForschungsgruppeOWL/id4instance
http://www.aifb.uni-karlsruhe.de/Personen/viewPersonOWL/id13instance	http://www.aifb.uni-karlsruhe.de/Forschungsgruppen/viewForschungsgruppeOWL/id3instance
http://www.aifb.uni-karlsruhe.de/Personen/viewPersonOWL/id2078instance	http://www.aifb.uni-karlsruhe.de/Forschungsgruppen/viewForschungsgruppeOWL/id3instance
http://www.aifb.uni-karlsruhe.de/Personen/viewPersonOWL/id2115instance	http://www.aifb.uni-karlsruhe.de/Forschungsgruppen/viewForschungsgruppeOWL/id3instance
http://www.aifb.uni-karlsruhe.de/Personen/viewPersonOWL/id86instance	http://www.aifb.uni-karlsruhe.de/Forschungsgruppen/viewForschungsgruppeOWL/id3instance
http://www.aifb.uni-karlsruhe.de/Personen/viewPersonOWL/id1860instance	http://www.aifb.uni-karlsruhe.de/Forschungsgruppen/viewForschungsgruppeOWL/id1instance
http://www.aifb.uni-karlsruhe.de/Personen/viewPersonOWL/id1966instance	http://www.aifb.uni-karlsruhe.de/Forschungsgruppen/viewForschungsgruppeOWL/id1instance
http://www.aifb.uni-karlsruhe.de/Personen/viewPersonOWL/id2127instance	http://www.aifb.uni-karlsruhe.de/Forschungsgruppen/viewForschungsgruppeOWL/id2instance
http://www.aifb.uni-karlsruhe.de/Personen/viewPersonOWL/id1887instance	http://www.aifb.uni-karlsruhe.de/Forschungsgruppen/viewForschungsgruppeOWL/id1instance
http://www.aifb.uni-karlsruhe.de/Personen/viewPersonOWL/id3instance	http://www.aifb.uni-karlsruhe.de/Forschungsgruppen/viewForschungsgruppeOWL/id2instance
http://www.aifb.uni-karlsruhe.de/Personen/viewPersonOWL/id1851instance	http://www.aifb.uni-karlsruhe.de/Forschungsgruppen/viewForschungsgruppeOWL/id1instance
http://www.aifb.uni-karlsruhe.de/Personen/viewPersonOWL/id2133instance	http://www.aifb.uni-karlsruhe.de/Forschungsgruppen/viewForschungsgruppeOWL/id3instance
http://www.aifb.uni-karlsruhe.de/Personen/viewPersonOWL/id2065instance	http://www.aifb.uni-karlsruhe.de/Forschungsgruppen/viewForschungsgruppeOWL/id3instance
http://www.aifb.uni-karlsruhe.de/Personen/viewPersonOWL/id48instance	http://www.aifb.uni-karlsruhe.de/Forschungsgruppen/viewForschungsgruppeOWL/id2instance
http://www.aifb.uni-karlsruhe.de/Personen/viewPersonOWL/id24instance	http://www.aifb.uni-karlsruhe.de/Forschungsgruppen/viewForschungsgruppeOWL/id2instance
http://www.aifb.uni-karlsruhe.de/Personen/viewPersonOWL/id1901instance	http://www.aifb.uni-karlsruhe.de/Forschungsgruppen/viewForschungsgruppeOWL/id1instance
http://www.aifb.uni-karlsruhe.de/Personen/viewPersonOWL/id1954instance	http://www.aifb.uni-karlsruhe.de/Forschungsgruppen/viewForschungsgruppeOWL/id1instance
http://www.aifb.uni-karlsruhe.de/Personen/viewPersonOWL/id1915instance	http://www.aifb.uni-karlsruhe.de/Forschungsgruppen/viewForschungsgruppeOWL/id1instance
http://www.aifb.uni-karlsruhe.de/Personen/viewPersonOWL/id98instance	http://www.aifb.uni-karlsruhe.de/Forschungsgruppen/viewForschungsgruppeOWL/id3instance
http://www.aifb.uni-karlsruhe.de/Personen/viewPersonOWL/id1953instance	http://www.aifb.uni-karlsruhe.de/Forschungsgruppen/viewForschungsgruppeOWL/id1instance
http://www.aifb.uni-karlsruhe.de/Personen/viewPersonOWL/id91instance	http://www.aifb.uni-karlsruhe.de/Forschungsgruppen/viewForschungsgruppeOWL/id3instance
http://www.aifb.uni-karlsruhe.de/Personen/viewPersonOWL/id2077instance	http://www.aifb.uni-karlsruhe.de/Forschungsgruppen/viewForschungsgruppeOWL/id3instance
http://www.aifb.uni-karlsruhe.de/Personen/viewPersonOWL/id90instance	http://www.aifb.uni-karlsruhe.de/Forschungsgruppen/viewForschungsgruppeOWL/id3instance
http://www.aifb.uni-karlsruhe.de/Personen/viewPersonOWL/id2058instance	http://www.aifb.uni-karlsruhe.de/Forschungsgruppen/viewForschungsgruppeOWL/id1instance
http://www.aifb.uni-karlsruhe.de/Personen/viewPersonOWL/id1968instance	http://www.aifb.uni-karlsruhe.de/Forschungsgruppen/viewForschungsgruppeOWL/id1instance
http://www.aifb.uni-karlsruhe.de/Personen/viewPersonOWL/id2051instance	http://www.aifb.uni-karlsruhe.de/Forschungsgruppen/viewForschungsgruppeOWL/id4instance
http://www.aifb.uni-karlsruhe.de/Personen/viewPersonOWL/id89instance	http://www.aifb.uni-karlsruhe.de/Forschungsgruppen/viewForschungsgruppeOWL/id2instance
http://www.aifb.uni-karlsruhe.de/Personen/viewPersonOWL/id1951instance	http://www.aifb.uni-karlsruhe.de/Forschungsgruppen/viewForschungsgruppeOWL/id1instance
http://www.aifb.uni-karlsruhe.de/Personen/viewPersonOWL/id2008instance	http://www.aifb.uni-karlsruhe.de/Forschungsgruppen/viewForschungsgruppeOWL/id2instance
http://www.aifb.uni-karlsruhe.de/Personen/viewPersonOWL/id80instance	http://www.aifb.uni-karlsruhe.de/Forschungsgruppen/viewForschungsgruppeOWL/id3instance
http://www.aifb.uni-karlsruhe.de/Personen/viewPersonOWL/id2151instance	http://www.aifb.uni-karlsruhe.de/Forschungsgruppen/viewForschungsgruppeOWL/id1instance
http://www.aifb.uni-karlsruhe.de/Personen/viewPersonOWL/id2073instance	http://www.aifb.uni-karlsruhe.de/Forschungsgruppen/viewForschungsgruppeOWL/id1instance
http://www.aifb.uni-karlsruhe.de/Personen/viewPersonOWL/id2108instance	http://www.aifb.uni-karlsruhe.de/Forschungsgruppen/viewForschungsgruppeOWL/id4instance
http://www.aifb.uni-karlsruhe.de/Personen/viewPersonOWL/id31instance	http://www.aifb.uni-karlsruhe.de/Forschungsgruppen/viewForschungsgruppeOWL/id1instance
http://www.aifb.uni-karlsruhe.de/Personen/viewPersonOWL/id2068instance	http://www.aifb.uni-karlsruhe.de/Forschungsgruppen/viewForschungsgruppeOWL/id1instance
http://www.aifb.uni-karlsruhe.de/Personen/viewPersonOWL/id2048instance	http://www.aifb.uni-karlsruhe.de/Forschungsgruppen/viewForschungsgruppeOWL/id4instance
http://www.aifb.uni-karlsruhe.de/Personen/viewPersonOWL/id2099instance	http://www.aifb.uni-karlsruhe.de/Forschungsgruppen/viewForschungsgruppeOWL/id3instance
http://www.aifb.uni-karlsruhe.de/Personen/viewPersonOWL/id2084instance	http://www.aifb.uni-karlsruhe.de/Forschungsgruppen/viewForschungsgruppeOWL/id3instance
http://www.aifb.uni-karlsruhe.de/Personen/viewPersonOWL/id35instance	http://www.aifb.uni-karlsruhe.de/Forschungsgruppen/viewForschungsgruppeOWL/id3instance
http://www.aifb.uni-karlsruhe.de/Personen/viewPersonOWL/id2123instance	http://www.aifb.uni-karlsruhe.de/Forschungsgruppen/viewForschungsgruppeOWL/id3instance
http://www.aifb.uni-karlsruhe.de/Personen/viewPersonOWL/id2043instance	http://www.aifb.uni-karlsruhe.de/Forschungsgruppen/viewForschungsgruppeOWL/id1instance
http://www.aifb.uni-karlsruhe.de/Personen/viewPersonOWL/id2120instance	http://www.aifb.uni-karlsruhe.de/Forschungsgruppen/viewForschungsgruppeOWL/id2instance
http://www.aifb.uni-karlsruhe.de/Personen/viewPersonOWL/id2041instance	http://www.aifb.uni-karlsruhe.de/Forschungsgruppen/viewForschungsgruppeOWL/id1instance
http://www.aifb.uni-karlsruhe.de/Personen/viewPersonOWL/id99instance	http://www.aifb.uni-karlsruhe.de/Forschungsgruppen/viewForschungsgruppeOWL/id1instance
http://www.aifb.uni-karlsruhe.de/Personen/viewPersonOWL/id2147instance	http://www.aifb.uni-karlsruhe.de/Forschungsgruppen/viewForschungsgruppeOWL/id3instance
http://www.aifb.uni-karlsruhe.de/Personen/viewPersonOWL/id2153instance	http://www.aifb.uni-karlsruhe.de/Forschungsgruppen/viewForschungsgruppeOWL/id3instance
http://www.aifb.uni-karlsruhe.de/Personen/viewPersonOWL/id2042instance	http://www.aifb.uni-karlsruhe.de/Forschungsgruppen/viewForschungsgruppeOWL/id1instance
http://www.aifb.uni-karlsruhe.de/Personen/viewPersonOWL/id1885instance	http://www.aifb.uni-karlsruhe.de/Forschungsgruppen/viewForschungsgruppeOWL/id1instance
http://www.aifb.uni-karlsruhe.de/Personen/viewPersonOWL/id40instance	http://www.aifb.uni-karlsruhe.de/Forschungsgruppen/viewForschungsgruppeOWL/id3instance
http://www.aifb.uni-karlsruhe.de/Personen/viewPersonOWL/id36instance	http://www.aifb.uni-karlsruhe.de/Forschungsgruppen/viewForschungsgruppeOWL/id4instance
http://www.aifb.uni-karlsruhe.de/Personen/viewPersonOWL/id22instance	http://www.aifb.uni-karlsruhe.de/Forschungsgruppen/viewForschungsgruppeOWL/id3instance
http://www.aifb.uni-karlsruhe.de/Personen/viewPersonOWL/id2091instance	http://www.aifb.uni-karlsruhe.de/Forschungsgruppen/viewForschungsgruppeOWL/id2instance
http://www.aifb.uni-karlsruhe.de/Personen/viewPersonOWL/id1908instance	http://www.aifb.uni-karlsruhe.de/Forschungsgruppen/viewForschungsgruppeOWL/id1instance
http://www.aifb.uni-karlsruhe.de/Personen/viewPersonOWL/id2067instance	http://www.aifb.uni-karlsruhe.de/Forschungsgruppen/viewForschungsgruppeOWL/id3instance
http://www.aifb.uni-karlsruhe.de/Personen/viewPersonOWL/id1854instance	http://www.aifb.uni-karlsruhe.de/Forschungsgruppen/viewForschungsgruppeOWL/id1instance
http://www.aifb.uni-karlsruhe.de/Personen/viewPersonOWL/id2126instance	http://www.aifb.uni-karlsruhe.de/Forschungsgruppen/viewForschungsgruppeOWL/id1instance
http://www.aifb.uni-karlsruhe.de/Personen/viewPersonOWL/id2023instance	http://www.aifb.uni-karlsruhe.de/Forschungsgruppen/viewForschungsgruppeOWL/id3instance
http://www.aifb.uni-karlsruhe.de/Personen/viewPersonOWL/id1970instance	http://www.aifb.uni-karlsruhe.de/Forschungsgruppen/viewForschungsgruppeOWL/id1instance
http://www.aifb.uni-karlsruhe.de/Personen/viewPersonOWL/id1881instance	http://www.aifb.uni-karlsruhe.de/Forschungsgruppen/viewForschungsgruppeOWL/id1instance
http://www.aifb.uni-karlsruhe.de/Personen/viewPersonOWL/id2038instance	http://www.aifb.uni-karlsruhe.de/Forschungsgruppen/viewForschungsgruppeOWL/id2instance
http://www.aifb.uni-karlsruhe.de/Personen/viewPersonOWL/id51instance	http://www.aifb.uni-karlsruhe.de/Forschungsgruppen/viewForschungsgruppeOWL/id3instance
http://www.aifb.uni-karlsruhe.de/Personen/viewPersonOWL/id1855instance	http://www.aifb.uni-karlsruhe.de/Forschungsgruppen/viewForschungsgruppeOWL/id1instance
http://www.aifb.uni-karlsruhe.de/Personen/viewPersonOWL/id2080instance	http://www.aifb.uni-karlsruhe.de/Forschungsgruppen/viewForschungsgruppeOWL/id1instance
http://www.aifb.uni-karlsruhe.de/Personen/viewPersonOWL/id1861instance	http://www.aifb.uni-karlsruhe.de/Forschungsgruppen/viewForschungsgruppeOWL/id1instance
http://www.aifb.uni-karlsruhe.de/Personen/viewPersonOWL/id61instance	http://www.aifb.uni-karlsruhe.de/Forschungsgruppen/viewForschungsgruppeOWL/id1instance
http://www.aifb.uni-karlsruhe.de/Personen/viewPersonOWL/id1992instance	http://www.aifb.uni-karlsruhe.de/Forschungsgruppen/viewForschungsgruppeOWL/id1instance
http://www.aifb.uni-karlsruhe.de/Personen/viewPersonOWL/id68instance	http://www.aifb.uni-karlsruhe.de/Forschungsgruppen/viewForschungsgruppeOWL/id3instance
http://www.aifb.uni-karlsruhe.de/Personen/viewPersonOWL/id19instance	http://www.aifb.uni-karlsruhe.de/Forschungsgruppen/viewForschungsgruppeOWL/id2instance
http://www.aifb.uni-karlsruhe.de/Personen/viewPersonOWL/id42instance	http://www.aifb.uni-karlsruhe.de/Forschungsgruppen/viewForschungsgruppeOWL/id1instance
http://www.aifb.uni-karlsruhe.de/Personen/viewPersonOWL/id2071instance	http://www.aifb.uni-karlsruhe.de/Forschungsgruppen/viewForschungsgruppeOWL/id4instance
http://www.aifb.uni-karlsruhe.de/Personen/viewPersonOWL/id79instance	http://www.aifb.uni-karlsruhe.de/Forschungsgruppen/viewForschungsgruppeOWL/id3instance
http://www.aifb.uni-karlsruhe.de/Personen/viewPersonOWL/id2143instance	http://www.aifb.uni-karlsruhe.de/Forschungsgruppen/viewForschungsgruppeOWL/id3instance
http://www.aifb.uni-karlsruhe.de/Personen/viewPersonOWL/id2054instance	http://www.aifb.uni-karlsruhe.de/Forschungsgruppen/viewForschungsgruppeOWL/id3instance
http://www.aifb.uni-karlsruhe.de/Personen/viewPersonOWL/id1989instance	http://www.aifb.uni-karlsruhe.de/Forschungsgruppen/viewForschungsgruppeOWL/id1instance
http://www.aifb.uni-karlsruhe.de/Personen/viewPersonOWL/id2040instance	http://www.aifb.uni-karlsruhe.de/Forschungsgruppen/viewForschungsgruppeOWL/id3instance
http://www.aifb.uni-karlsruhe.de/Personen/viewPersonOWL/id2094instance	http://www.aifb.uni-karlsruhe.de/Forschungsgruppen/viewForschungsgruppeOWL/id4instance
http://www.aifb.uni-karlsruhe.de/Personen/viewPersonOWL/id1900instance	http://www.aifb.uni-karlsruhe.de/Forschungsgruppen/viewForschungsgruppeOWL/id1instance
http://www.aifb.uni-karlsruhe.de/Personen/viewPersonOWL/id88instance	http://www.aifb.uni-karlsruhe.de/Forschungsgruppen/viewForschungsgruppeOWL/id3instance
http://www.aifb.uni-karlsruhe.de/Personen/viewPersonOWL/id66instance	http://www.aifb.uni-karlsruhe.de/Forschungsgruppen/viewForschungsgruppeOWL/id4instance
http://www.aifb.uni-karlsruhe.de/Personen/viewPersonOWL/id65instance	http://www.aifb.uni-karlsruhe.de/Forschungsgruppen/viewForschungsgruppeOWL/id2instance
http://www.aifb.uni-karlsruhe.de/Personen/viewPersonOWL/id43instance	http://www.aifb.uni-karlsruhe.de/Forschungsgruppen/viewForschungsgruppeOWL/id4instance
http://www.aifb.uni-karlsruhe.de/Personen/viewPersonOWL/id1872instance	http://www.aifb.uni-karlsruhe.de/Forschungsgruppen/viewForschungsgruppeOWL/id1instance
http://www.aifb.uni-karlsruhe.de/Personen/viewPersonOWL/id96instance	http://www.aifb.uni-karlsruhe.de/Forschungsgruppen/viewForschungsgruppeOWL/id2instance
http://www.aifb.uni-karlsruhe.de/Personen/viewPersonOWL/id32instance	http://www.aifb.uni-karlsruhe.de/Forschungsgruppen/viewForschungsgruppeOWL/id3instance
http://www.aifb.uni-karlsruhe.de/Personen/viewPersonOWL/id4instance	http://www.aifb.uni-karlsruhe.de/Forschungsgruppen/viewForschungsgruppeOWL/id2instance
http://www.aifb.uni-karlsruhe.de/Personen/viewPersonOWL/id2075instance	http://www.aifb.uni-karlsruhe.de/Forschungsgruppen/viewForschungsgruppeOWL/id2instance
http://www.aifb.uni-karlsruhe.de/Personen/viewPersonOWL/id97instance	http://www.aifb.uni-karlsruhe.de/Forschungsgruppen/viewForschungsgruppeOWL/id1instance
http://www.aifb.uni-karlsruhe.de/Personen/viewPersonOWL/id83instance	http://www.aifb.uni-karlsruhe.de/Forschungsgruppen/viewForschungsgruppeOWL/id3instance
http://www.aifb.uni-karlsruhe.de/Personen/viewPersonOWL/id41instance	http://www.aifb.uni-karlsruhe.de/Forschungsgruppen/viewForschungsgruppeOWL/id3instance
http://www.aifb.uni-karlsruhe.de/Personen/viewPersonOWL/id1instance	http://www.aifb.uni-karlsruhe.de/Forschungsgruppen/viewForschungsgruppeOWL/id1instance
http://www.aifb.uni-karlsruhe.de/Personen/viewPersonOWL/id1917instance	http://www.aifb.uni-karlsruhe.de/Forschungsgruppen/viewForschungsgruppeOWL/id1instance
http://www.aifb.uni-karlsruhe.de/Personen/viewPersonOWL/id2081instance	http://www.aifb.uni-karlsruhe.de/Forschungsgruppen/viewForschungsgruppeOWL/id2instance
http://www.aifb.uni-karlsruhe.de/Personen/viewPersonOWL/id87instance	http://www.aifb.uni-karlsruhe.de/Forschungsgruppen/viewForschungsgruppeOWL/id2instance
http://www.aifb.uni-karlsruhe.de/Personen/viewPersonOWL/id2146instance	http://www.aifb.uni-karlsruhe.de/Forschungsgruppen/viewForschungsgruppeOWL/id3instance
http://www.aifb.uni-karlsruhe.de/Personen/viewPersonOWL/id2132instance	http://www.aifb.uni-karlsruhe.de/Forschungsgruppen/viewForschungsgruppeOWL/id3instance
http://www.aifb.uni-karlsruhe.de/Personen/viewPersonOWL/id1834instance	http://www.aifb.uni-karlsruhe.de/Forschungsgruppen/viewForschungsgruppeOWL/id1instance
http://www.aifb.uni-karlsruhe.de/Personen/viewPersonOWL/id34instance	http://www.aifb.uni-karlsruhe.de/Forschungsgruppen/viewForschungsgruppeOWL/id3instance
http://www.aifb.uni-karlsruhe.de/Personen/viewPersonOWL/id53instance	http://www.aifb.uni-karlsruhe.de/Forschungsgruppen/viewForschungsgruppeOWL/id3instance
http://www.aifb.uni-karlsruhe.de/Personen/viewPersonOWL/id26instance	http://www.aifb.uni-karlsruhe.de/Forschungsgruppen/viewForschungsgruppeOWL/id3instance
http://www.aifb.uni-karlsruhe.de/Personen/viewPersonOWL/id44instance	http://www.aifb.uni-karlsruhe.de/Forschungsgruppen/viewForschungsgruppeOWL/id1instance
http://www.aifb.uni-karlsruhe.de/Personen/viewPersonOWL/id2137instance	http://www.aifb.uni-karlsruhe.de/Forschungsgruppen/viewForschungsgruppeOWL/id1instance
http://www.aifb.uni-karlsruhe.de/Personen/viewPersonOWL/id52instance	http://www.aifb.uni-karlsruhe.de/Forschungsgruppen/viewForschungsgruppeOWL/id1instance
http://www.aifb.uni-karlsruhe.de/Personen/viewPersonOWL/id1958instance	http://www.aifb.uni-karlsruhe.de/Forschungsgruppen/viewForschungsgruppeOWL/id1instance
http://www.aifb.uni-karlsruhe.de/Personen/viewPersonOWL/id1890instance	http://www.aifb.uni-karlsruhe.de/Forschungsgruppen/viewForschungsgruppeOWL/id1instance
http://www.aifb.uni-karlsruhe.de/Personen/viewPersonOWL/id2107instance	http://www.aifb.uni-karlsruhe.de/Forschungsgruppen/viewForschungsgruppeOWL/id3instance
http://www.aifb.uni-karlsruhe.de/Personen/viewPersonOWL/id2096instance	http://www.aifb.uni-karlsruhe.de/Forschungsgruppen/viewForschungsgruppeOWL/id4instance
http://www.aifb.uni-karlsruhe.de/Personen/viewPersonOWL/id2121instance	http://www.aifb.uni-karlsruhe.de/Forschungsgruppen/viewForschungsgruppeOWL/id1instance
http://www.aifb.uni-karlsruhe.de/Personen/viewPersonOWL/id1868instance	http://www.aifb.uni-karlsruhe.de/Forschungsgruppen/viewForschungsgruppeOWL/id1instance
http://www.aifb.uni-karlsruhe.de/Personen/viewPersonOWL/id55instance	http://www.aifb.uni-karlsruhe.de/Forschungsgruppen/viewForschungsgruppeOWL/id3instance
http://www.aifb.uni-karlsruhe.de/Personen/viewPersonOWL/id2097instance	http://www.aifb.uni-karlsruhe.de/Forschungsgruppen/viewForschungsgruppeOWL/id3instance
http://www.aifb.uni-karlsruhe.de/Personen/viewPersonOWL/id2044instance	http://www.aifb.uni-karlsruhe.de/Forschungsgruppen/viewForschungsgruppeOWL/id1instance
http://www.aifb.uni-karlsruhe.de/Personen/viewPersonOWL/id2072instance	http://www.aifb.uni-karlsruhe.de/Forschungsgruppen/viewForschungsgruppeOWL/id1instance
http://www.aifb.uni-karlsruhe.de/Personen/viewPersonOWL/id6instance	http://www.aifb.uni-karlsruhe.de/Forschungsgruppen/viewForschungsgruppeOWL/id3instance
http://www.aifb.uni-karlsruhe.de/Personen/viewPersonOWL/id2136instance	http://www.aifb.uni-karlsruhe.de/Forschungsgruppen/viewForschungsgruppeOWL/id1instance
http://www.aifb.uni-karlsruhe.de/Personen/viewPersonOWL/id8instance	http://www.aifb.uni-karlsruhe.de/Forschungsgruppen/viewForschungsgruppeOWL/id3instance
http://www.aifb.uni-karlsruhe.de/Personen/viewPersonOWL/id72instance	http://www.aifb.uni-karlsruhe.de/Forschungsgruppen/viewForschungsgruppeOWL/id2instance
