http://chem2bio2rdf.org/uniprot/resource/gene/IMPDH2	http://chem2bio2rdf.org/pubchem/resource/pubchem_compound/446541	1
http://chem2bio2rdf.org/uniprot/resource/gene/RIPK1	http://chem2bio2rdf.org/pubchem/resource/pubchem_compound/24826799	1
http://chem2bio2rdf.org/uniprot/resource/gene/SLC1A3	http://chem2bio2rdf.org/pubchem/resource/pubchem_compound/93653147	1
http://chem2bio2rdf.org/uniprot/resource/gene/CSNK2A2	http://chem2bio2rdf.org/pubchem/resource/pubchem_compound/46943415	1
http://chem2bio2rdf.org/uniprot/resource/gene/ATP6AP1	http://chem2bio2rdf.org/pubchem/resource/pubchem_compound/6436223	1
http://chem2bio2rdf.org/uniprot/resource/gene/MARK2	http://chem2bio2rdf.org/pubchem/resource/pubchem_compound/9829523	1
http://chem2bio2rdf.org/uniprot/resource/gene/IMPDH2	http://chem2bio2rdf.org/pubchem/resource/pubchem_compound/37542	1
http://chem2bio2rdf.org/uniprot/resource/gene/Mitochondrial Ribosome	http://chem2bio2rdf.org/pubchem/resource/pubchem_compound/5959	1
http://chem2bio2rdf.org/uniprot/resource/gene/NDUF	http://chem2bio2rdf.org/pubchem/resource/pubchem_compound/4091	1
http://chem2bio2rdf.org/uniprot/resource/gene/F2RL1	http://chem2bio2rdf.org/pubchem/resource/pubchem_compound/25749922	1
http://chem2bio2rdf.org/uniprot/resource/gene/Mitochondrial ribosome	http://chem2bio2rdf.org/pubchem/resource/pubchem_compound/54686904	1
http://chem2bio2rdf.org/uniprot/resource/gene/GLA	http://chem2bio2rdf.org/pubchem/resource/pubchem_compound/176077	1
http://chem2bio2rdf.org/uniprot/resource/gene/LARP1	http://chem2bio2rdf.org/pubchem/resource/pubchem_compound/5284616	1
http://chem2bio2rdf.org/uniprot/resource/gene/PLOD1	http://chem2bio2rdf.org/pubchem/resource/pubchem_compound/4201	1
http://chem2bio2rdf.org/uniprot/resource/gene/PLOD2	http://chem2bio2rdf.org/pubchem/resource/pubchem_compound/4201	1
http://chem2bio2rdf.org/uniprot/resource/gene/HDAC2	http://chem2bio2rdf.org/pubchem/resource/pubchem_compound/6918328	1
http://chem2bio2rdf.org/uniprot/resource/gene/SIGMAR1	http://chem2bio2rdf.org/pubchem/resource/pubchem_compound/639540	1
http://chem2bio2rdf.org/uniprot/resource/gene/BRD2	http://chem2bio2rdf.org/pubchem/resource/pubchem_compound/57389999	1
http://chem2bio2rdf.org/uniprot/resource/gene/BRD4	http://chem2bio2rdf.org/pubchem/resource/pubchem_compound/57389999	1
http://chem2bio2rdf.org/uniprot/resource/gene/Mitochondrial Ribosome	http://chem2bio2rdf.org/pubchem/resource/pubchem_compound/441401	1
http://chem2bio2rdf.org/uniprot/resource/gene/PRKACA	http://chem2bio2rdf.org/pubchem/resource/pubchem_compound/449241	1
http://chem2bio2rdf.org/uniprot/resource/gene/NUPs RAE1	http://chem2bio2rdf.org/pubchem/resource/pubchem_compound/71492799	1
http://chem2bio2rdf.org/uniprot/resource/gene/VCP	http://chem2bio2rdf.org/pubchem/resource/pubchem_compound/73051434	1
http://chem2bio2rdf.org/uniprot/resource/gene/TMEM97	http://chem2bio2rdf.org/pubchem/resource/pubchem_compound/11152920	1
http://chem2bio2rdf.org/uniprot/resource/gene/SIGMAR1	http://chem2bio2rdf.org/pubchem/resource/pubchem_compound/11152920	1
http://chem2bio2rdf.org/uniprot/resource/gene/SIGMAR1	http://chem2bio2rdf.org/pubchem/resource/pubchem_compound/16726095	1
http://chem2bio2rdf.org/uniprot/resource/gene/HDAC2	http://chem2bio2rdf.org/pubchem/resource/pubchem_compound/3121	1
http://chem2bio2rdf.org/uniprot/resource/gene/COMT	http://chem2bio2rdf.org/pubchem/resource/pubchem_compound/5281081	1
http://chem2bio2rdf.org/uniprot/resource/gene/ACE	http://chem2bio2rdf.org/pubchem/resource/pubchem_compound/5362119	1
http://chem2bio2rdf.org/uniprot/resource/gene/ABCC1	http://chem2bio2rdf.org/pubchem/resource/pubchem_compound/65808	1
http://chem2bio2rdf.org/uniprot/resource/gene/PRSS1	http://chem2bio2rdf.org/pubchem/resource/pubchem_compound/2536	1
http://chem2bio2rdf.org/uniprot/resource/gene/PRSS1	http://chem2bio2rdf.org/pubchem/resource/pubchem_compound/4413	1
http://chem2bio2rdf.org/uniprot/resource/gene/ABCC1	http://chem2bio2rdf.org/pubchem/resource/pubchem_compound/30323	1
http://chem2bio2rdf.org/uniprot/resource/gene/VCP	http://chem2bio2rdf.org/pubchem/resource/pubchem_compound/676352	1
http://chem2bio2rdf.org/uniprot/resource/gene/IMPDH2	http://chem2bio2rdf.org/pubchem/resource/pubchem_compound/153241	1
http://chem2bio2rdf.org/uniprot/resource/gene/BRD2	http://chem2bio2rdf.org/pubchem/resource/pubchem_compound/135564749	1
http://chem2bio2rdf.org/uniprot/resource/gene/BRD4	http://chem2bio2rdf.org/pubchem/resource/pubchem_compound/135564749	1
http://chem2bio2rdf.org/uniprot/resource/gene/MARK3	http://chem2bio2rdf.org/pubchem/resource/pubchem_compound/25126798	1
http://chem2bio2rdf.org/uniprot/resource/gene/MARK2	http://chem2bio2rdf.org/pubchem/resource/pubchem_compound/25126798	1
http://chem2bio2rdf.org/uniprot/resource/gene/DCTPP1	http://chem2bio2rdf.org/pubchem/resource/pubchem_compound/661498	1
http://chem2bio2rdf.org/uniprot/resource/gene/DCTPP1	http://chem2bio2rdf.org/pubchem/resource/pubchem_compound/3163969	1
http://chem2bio2rdf.org/uniprot/resource/gene/SIGMAR1	http://chem2bio2rdf.org/pubchem/resource/pubchem_compound/3559	1
http://chem2bio2rdf.org/uniprot/resource/gene/TMEM97	http://chem2bio2rdf.org/pubchem/resource/pubchem_compound/3559	1
http://chem2bio2rdf.org/uniprot/resource/gene/SLC6A15	http://chem2bio2rdf.org/pubchem/resource/pubchem_compound/3957	1
http://chem2bio2rdf.org/uniprot/resource/gene/ACE2	http://chem2bio2rdf.org/pubchem/resource/pubchem_compound/44093	1
http://chem2bio2rdf.org/uniprot/resource/gene/BRD2	http://chem2bio2rdf.org/pubchem/resource/pubchem_compound/46907787	1
http://chem2bio2rdf.org/uniprot/resource/gene/BRD4	http://chem2bio2rdf.org/pubchem/resource/pubchem_compound/46907787	1
http://chem2bio2rdf.org/uniprot/resource/gene/Translation	http://chem2bio2rdf.org/pubchem/resource/pubchem_compound/118598754	1
http://chem2bio2rdf.org/uniprot/resource/gene/CSNK2A2	http://chem2bio2rdf.org/pubchem/resource/pubchem_compound/24748573	1
http://chem2bio2rdf.org/uniprot/resource/gene/CSNK2B	http://chem2bio2rdf.org/pubchem/resource/pubchem_compound/24748573	1
http://chem2bio2rdf.org/uniprot/resource/gene/CUL2	http://chem2bio2rdf.org/pubchem/resource/pubchem_compound/16720766	1
http://chem2bio2rdf.org/uniprot/resource/gene/PTGES2	http://chem2bio2rdf.org/pubchem/resource/pubchem_compound/3715	1
http://chem2bio2rdf.org/uniprot/resource/gene/F2RL1	http://chem2bio2rdf.org/pubchem/resource/pubchem_compound/49843508	1
http://chem2bio2rdf.org/uniprot/resource/gene/NEK9	http://chem2bio2rdf.org/pubchem/resource/pubchem_compound/44462760	1
http://chem2bio2rdf.org/uniprot/resource/gene/Translation	http://chem2bio2rdf.org/pubchem/resource/pubchem_compound/2287238	1
http://chem2bio2rdf.org/uniprot/resource/gene/LARP1	http://chem2bio2rdf.org/pubchem/resource/pubchem_compound/45375953	1
http://chem2bio2rdf.org/uniprot/resource/gene/DNMT1	http://chem2bio2rdf.org/pubchem/resource/pubchem_compound/135564632	1
http://chem2bio2rdf.org/uniprot/resource/gene/FKBP7	http://chem2bio2rdf.org/pubchem/resource/pubchem_compound/445643	1
http://chem2bio2rdf.org/uniprot/resource/gene/FKBP10	http://chem2bio2rdf.org/pubchem/resource/pubchem_compound/445643	1
http://chem2bio2rdf.org/uniprot/resource/gene/F2RL1	http://chem2bio2rdf.org/pubchem/resource/pubchem_compound/126961334	1
http://chem2bio2rdf.org/uniprot/resource/gene/F2RL1	http://chem2bio2rdf.org/pubchem/resource/pubchem_compound/126961335	1
http://chem2bio2rdf.org/uniprot/resource/gene/SIGMAR1	http://chem2bio2rdf.org/pubchem/resource/pubchem_compound/44247568	1
http://chem2bio2rdf.org/uniprot/resource/gene/TBK1	http://chem2bio2rdf.org/pubchem/resource/pubchem_compound/44465558	1
http://chem2bio2rdf.org/uniprot/resource/gene/MARK3	http://chem2bio2rdf.org/pubchem/resource/pubchem_compound/44465558	1
http://chem2bio2rdf.org/uniprot/resource/gene/VCP	http://chem2bio2rdf.org/pubchem/resource/pubchem_compound/49830258	1
http://chem2bio2rdf.org/uniprot/resource/gene/ER Protein Processing	http://chem2bio2rdf.org/pubchem/resource/pubchem_compound/71713800	1
http://chem2bio2rdf.org/uniprot/resource/gene/BRD4	http://chem2bio2rdf.org/pubchem/resource/pubchem_compound/122201421	1
http://chem2bio2rdf.org/uniprot/resource/gene/BRD2	http://chem2bio2rdf.org/pubchem/resource/pubchem_compound/122201421	1
http://chem2bio2rdf.org/uniprot/resource/gene/ER Protein Processing	http://chem2bio2rdf.org/pubchem/resource/pubchem_compound/139554719	1
http://chem2bio2rdf.org/uniprot/resource/gene/IMPDH2	http://chem2bio2rdf.org/pubchem/resource/pubchem_compound/5388925	1
http://chem2bio2rdf.org/uniprot/resource/gene/EIF4E2	http://chem2bio2rdf.org/pubchem/resource/pubchem_compound/129138801	1
http://chem2bio2rdf.org/uniprot/resource/gene/EIF4EH	http://chem2bio2rdf.org/pubchem/resource/pubchem_compound/129138801	1
http://chem2bio2rdf.org/uniprot/resource/gene/SIGMAR1	http://chem2bio2rdf.org/pubchem/resource/pubchem_compound/53447361	1
http://chem2bio2rdf.org/uniprot/resource/gene/MARK3	http://chem2bio2rdf.org/pubchem/resource/pubchem_compound/9829523	1
http://chem2bio2rdf.org/uniprot/resource/gene/FKBP15	http://chem2bio2rdf.org/pubchem/resource/pubchem_compound/5284616	1
http://chem2bio2rdf.org/uniprot/resource/gene/FKBP7	http://chem2bio2rdf.org/pubchem/resource/pubchem_compound/5284616	1
http://chem2bio2rdf.org/uniprot/resource/gene/FKBP710	http://chem2bio2rdf.org/pubchem/resource/pubchem_compound/5284616	1
