IMPDH2	446541
RIPK1	24826799
SLC1A3	93653147
CSNK2A2	46943415
ATP6AP1	6436223
MARK2	9829523
IMPDH2	37542
Mitochondrial Ribosome	5959
NDUF	4091
F2RL1	25749922
Mitochondrial ribosome	54686904
GLA	176077
LARP1	5284616
PLOD1	4201
PLOD2	4201
HDAC2	6918328
SIGMAR1	639540
BRD2	57389999
BRD4	57389999
Mitochondrial Ribosome	441401
PRKACA	449241
NUPs RAE1	71492799
VCP	73051434
TMEM97	11152920
SIGMAR1	11152920
SIGMAR1	16726095
HDAC2	3121
COMT	5281081
ACE	5362119
ABCC1	65808
PRSS1	2536
PRSS1	4413
ABCC1	30323
VCP	676352
IMPDH2	153241
BRD2	135564749
BRD4	135564749
MARK3	25126798
MARK2	25126798
DCTPP1	661498
DCTPP1	3163969
SIGMAR1	3559
TMEM97	3559
SLC6A15	3957
ACE2	44093
BRD2	46907787
BRD4	46907787
Translation	118598754
CSNK2A2	24748573
CSNK2B	24748573
CUL2	16720766
PTGES2	3715
F2RL1	49843508
NEK9	44462760
Translation	2287238
LARP1	45375953
DNMT1	135564632
FKBP7	445643
FKBP10	445643
F2RL1	126961334
F2RL1	126961335
SIGMAR1	44247568
TBK1	44465558
MARK3	44465558
VCP	49830258
ER Protein Processing	71713800
BRD4	122201421
BRD2	122201421
ER Protein Processing	139554719
IMPDH2	5388925
EIF4E2	129138801
EIF4EH	129138801
SIGMAR1	53447361
MARK3	9829523
FKBP15	5284616
FKBP7	5284616
FKBP710	5284616